date,day,visitors
2022-01-01,토,1043
2022-01-02,일,1084
2022-01-03,월,324
2022-01-04,화,417
2022-01-05,수,349
2022-01-06,목,933
2022-01-07,금,463
2022-01-08,토,1431
2022-01-09,일,1116
2022-01-10,월,367
2022-01-11,화,249
2022-01-12,수,139
2022-01-13,목,1276
2022-01-14,금,224
2022-01-15,토,1433
2022-01-16,일,1262
2022-01-17,월,283
2022-01-18,화,358
2022-01-19,수,240
2022-01-20,목,327
2022-01-21,금,386
2022-01-22,토,1882
2022-01-23,일,2805
2022-01-24,월,746
2022-01-25,화,267
2022-01-26,수,558
2022-01-27,목,476
2022-01-28,금,426
2022-01-29,토,1237
2022-01-30,일,1951
2022-01-31,월,2755
2022-02-01,화,1096
2022-02-02,수,1651
2022-02-03,목,652
2022-02-04,금,374
2022-02-05,토,509
2022-02-06,일,860
2022-02-07,월,275
2022-02-08,화,591
2022-02-09,수,564
2022-02-10,목,704
2022-02-11,금,755
2022-02-12,토,2875
2022-02-13,일,4327
2022-02-14,월,721
2022-02-15,화,2350
2022-02-16,수,282
2022-02-17,목,215
2022-02-18,금,599
2022-02-19,토,2013
2022-02-20,일,1677
2022-02-21,월,364
2022-02-22,화,380
2022-02-23,수,337
2022-02-24,목,656
2022-02-25,금,1254
2022-02-26,토,1947
2022-02-27,일,6364
2022-02-28,월,3653
2022-03-01,화,4485
2022-03-02,수,902
2022-03-03,목,927
2022-03-04,금,614
2022-03-05,토,2774
2022-03-06,일,4926
2022-03-07,월,755
2022-03-08,화,1096
2022-03-09,수,12164
2022-03-10,목,1044
2022-03-11,금,1440
2022-03-12,토,10364
2022-03-13,일,1397
2022-03-14,월,135
2022-03-15,화,1287
2022-03-16,수,1520
2022-03-17,목,2283
2022-03-18,금,556
2022-03-19,토,504
2022-03-20,일,7728
2022-03-21,월,1259
2022-03-22,화,1348
2022-03-23,수,777
2022-03-24,목,1079
2022-03-25,금,1185
2022-03-26,토,3615
2022-03-27,일,15630
2022-03-28,월,3633
2022-03-29,화,2389
2022-03-30,수,670
2022-03-31,목,1516
2022-04-01,금,3094
2022-04-02,토,19080
2022-04-03,일,20368
2022-04-04,월,2616
2022-04-05,화,2293
2022-04-06,수,2635
2022-04-07,목,2425
2022-04-08,금,5368
2022-04-09,토,22965
2022-04-10,일,24296
2022-04-11,월,6053
2022-04-12,화,4761
2022-04-13,수,831
2022-04-14,목,2172
2022-04-15,금,5086
2022-04-16,토,22173
2022-04-17,일,22239
2022-04-18,월,3122
2022-04-19,화,5147
2022-04-20,수,3229
2022-04-21,목,3143
2022-04-22,금,2171
2022-04-23,토,18329
2022-04-24,일,17940
2022-04-25,월,2604
2022-04-26,화,2563
2022-04-27,수,3095
2022-04-28,목,4191
2022-04-29,금,3185
2022-04-30,토,20693
2022-05-01,토,16307
2022-05-02,일,3893
2022-05-03,월,3594
2022-05-04,화,6421
2022-05-05,수,46381
2022-05-06,목,13667
2022-05-07,금,10100
2022-05-08,토,6887
2022-05-09,일,3350
2022-05-10,월,3458
2022-05-11,화,3399
2022-05-12,수,3523
2022-05-13,목,6037
2022-05-14,금,12924
2022-05-15,토,13663
2022-05-16,일,3881
2022-05-17,월,4384
2022-05-18,화,3217
2022-05-19,수,5872
2022-05-20,목,11668
2022-05-21,금,15593
2022-05-22,토,15974
2022-05-23,일,4327
2022-05-24,월,5103
2022-05-25,화,5800
2022-05-26,수,6660
2022-05-27,목,7146
2022-05-28,금,36225
2022-05-29,토,15590
2022-05-30,일,3877
2022-05-31,월,6274
2022-06-01,수,17053
2022-06-02,목,4831
2022-06-03,금,4426
2022-06-04,토,12333
2022-06-05,일,16564
2022-06-06,월,9282
2022-06-07,화,3572
2022-06-08,수,3123
2022-06-09,목,2045
2022-06-10,금,3588
2022-06-11,토,8456
2022-06-12,일,8738
2022-06-13,월,4221
2022-06-14,화,2084
2022-06-15,수,829
2022-06-16,목,2084
2022-06-17,금,2456
2022-06-18,토,6082
2022-06-19,일,7232
2022-06-20,월,1732
2022-06-21,화,1506
2022-06-22,수,1690
2022-06-23,목,430
2022-06-24,금,1439
2022-06-25,토,5193
2022-06-26,일,18829
2022-06-27,월,459
2022-06-28,화,404
2022-06-29,수,239
2022-06-30,목,108
2022-07-01,금,1188
2022-07-02,토,2745
2022-07-03,일,1965
2022-07-04,월,516
2022-07-05,화,459
2022-07-06,수,536
2022-07-07,목,280
2022-07-08,금,743
2022-07-09,토,2469
2022-07-10,일,1722
2022-07-11,월,472
2022-07-12,화,711
2022-07-13,수,149
2022-07-14,목,753
2022-07-15,금,1243
2022-07-16,토,2437
2022-07-17,일,3223
2022-07-18,월,5216
2022-07-19,화,755
2022-07-20,수,774
2022-07-21,목,676
2022-07-22,금,756
2022-07-23,토,10918
2022-07-24,일,3068
2022-07-25,월,1208
2022-07-26,화,833
2022-07-27,수,1005
2022-07-28,목,1014
2022-07-29,금,854
2022-07-30,토,1277
2022-07-31,일,856
2022-08-01,월,1417
2022-08-02,화,938
2022-08-03,수,1286
2022-08-04,목,2637
2022-08-05,금,1023
2022-08-06,토,1584
2022-08-07,일,1697
2022-08-08,월,177
2022-08-09,화,69
2022-08-10,수,875
2022-08-11,목,531
2022-08-12,금,1521
2022-08-13,토,1703
2022-08-14,일,5632
2022-08-15,월,4618
2022-08-16,화,1531
2022-08-17,수,1324
2022-08-18,목,1640
2022-08-19,금,1116
2022-08-20,토,5437
2022-08-21,일,4690
2022-08-22,월,1408
2022-08-23,화,1137
2022-08-24,수,1568
2022-08-25,목,803
2022-08-26,금,1885
2022-08-27,토,16188
2022-08-28,일,14964
2022-08-29,월,917
2022-08-30,화,184
2022-08-31,수,1678
2022-09-01,목,2141
2022-09-02,금,2584
2022-09-03,토,13485
2022-09-04,일,790
2022-09-05,월,55
2022-09-06,화,1340
2022-09-07,수,2223
2022-09-08,목,2057
2022-09-09,금,10663
2022-09-10,토,13924
2022-09-11,일,16246
2022-09-12,월,14399
2022-09-13,화,2526
2022-09-14,수,1606
2022-09-15,목,2073
2022-09-16,금,2332
2022-09-17,토,7960
2022-09-18,일,9012
2022-09-19,월,1905
2022-09-20,화,2651
2022-09-21,수,2964
2022-09-22,목,4536
2022-09-23,금,3468
2022-09-24,토,16093
2022-09-25,일,13925
2022-09-26,월,2946
2022-09-27,화,7608
2022-09-28,수,4835
2022-09-29,목,2630
2022-09-30,금,4460
2022-10-01,토,13785
2022-10-02,일,12071
2022-10-03,월,560
2022-10-04,화,1571
2022-10-05,수,3310
2022-10-06,목,2908
2022-10-07,금,4548
2022-10-08,토,17148
2022-10-09,일,1749
2022-10-10,월,3701
2022-10-11,화,2339
2022-10-12,수,3944
2022-10-13,목,5192
2022-10-14,금,5034
2022-10-15,토,14951
2022-10-16,일,13354
2022-10-17,월,2944
2022-10-18,화,2905
2022-10-19,수,3187
2022-10-20,목,4181
2022-10-21,금,6339
2022-10-22,토,14033
2022-10-23,일,15734
2022-10-24,월,3200
2022-10-25,화,3097
2022-10-26,수,7256
2022-10-27,목,4482
2022-10-28,금,5649
2022-10-29,토,16415
2022-10-30,일,28609
2022-10-31,월,3917
2022-11-01,화,3287
2022-11-02,수,3462
2022-11-03,목,2676
2022-11-04,금,3125
2022-11-05,토,9610
2022-11-06,일,11245
2022-11-07,월,1770
2022-11-08,화,2388
2022-11-09,수,2375
2022-11-10,목,2211
2022-11-11,금,3204
2022-11-12,토,5797
2022-11-13,일,5201
2022-11-14,월,1544
2022-11-15,화,1053
2022-11-16,수,1225
2022-11-17,목,1760
2022-11-18,금,1789
2022-11-19,토,8285
2022-11-20,일,9544
2022-11-21,월,1633
2022-11-22,화,849
2022-11-23,수,4321
2022-11-24,목,1185
2022-11-25,금,1327
2022-11-26,토,22632
2022-11-27,일,3845
2022-11-28,월,333
2022-11-29,화,458
2022-11-30,수,219
2022-12-01,목,239
2022-12-02,금,350
2022-12-03,토,1148
2022-12-04,일,1015
2022-12-05,월,423
2022-12-06,화,290
2022-12-07,수,413
2022-12-08,목,561
2022-12-09,금,530
2022-12-10,토,1995
2022-12-11,일,2079
2022-12-12,월,405
2022-12-13,화,250
2022-12-14,수,142
2022-12-15,목,183
2022-12-16,금,158
2022-12-17,토,423
2022-12-18,일,294
2022-12-19,월,1591
2022-12-20,화,331
2022-12-21,수,276
2022-12-22,목,281
2022-12-23,금,106
2022-12-24,토,380
2022-12-25,일,11398
2022-12-26,월,325
2022-12-27,화,345
2022-12-28,수,442
2022-12-29,목,394
2022-12-30,금,2546
2022-12-31,토,970
