date,visitors,zoo_garden_group,theme_garden_group,individual_visitors,day
2022-01-01,1043,0,0,1043,토
2022-01-02,1084,0,0,1084,일
2022-01-03,324,0,0,324,월
2022-01-04,417,0,0,417,화
2022-01-05,349,0,0,349,수
2022-01-06,933,477,0,456,목
2022-01-07,463,0,0,463,금
2022-01-08,1431,0,0,1431,토
2022-01-09,1116,0,0,1116,일
2022-01-10,367,0,0,367,월
2022-01-11,249,0,0,249,화
2022-01-12,139,0,0,139,수
2022-01-13,1276,1046,0,230,목
2022-01-14,224,0,0,224,금
2022-01-15,1433,0,0,1433,토
2022-01-16,1262,0,0,1262,일
2022-01-17,283,0,0,283,월
2022-01-18,358,78,0,280,화
2022-01-19,240,0,0,240,수
2022-01-20,327,0,0,327,목
2022-01-21,386,0,0,386,금
2022-01-22,1882,0,0,1882,토
2022-01-23,2805,0,0,2805,일
2022-01-24,746,0,0,746,월
2022-01-25,267,0,0,267,화
2022-01-26,558,0,0,558,수
2022-01-27,476,0,0,476,목
2022-01-28,426,0,0,426,금
2022-01-29,1237,0,0,1237,토
2022-01-30,1951,0,0,1951,일
2022-01-31,2755,0,0,2755,월
2022-02-01,1096,0,0,1096,화
2022-02-02,1651,0,0,1651,수
2022-02-03,652,0,0,652,목
2022-02-04,374,0,0,374,금
2022-02-05,509,0,0,509,토
2022-02-06,860,0,0,860,일
2022-02-07,275,0,0,275,월
2022-02-08,591,0,0,591,화
2022-02-09,564,0,0,564,수
2022-02-10,704,0,0,704,목
2022-02-11,755,0,0,755,금
2022-02-12,2875,0,0,2875,토
2022-02-13,4327,0,0,4327,일
2022-02-14,721,0,0,721,월
2022-02-15,2350,0,0,2350,화
2022-02-16,282,0,0,282,수
2022-02-17,215,0,0,215,목
2022-02-18,599,0,0,599,금
2022-02-19,2013,0,0,2013,토
2022-02-20,1677,693,0,984,일
2022-02-21,364,0,0,364,월
2022-02-22,380,0,0,380,화
2022-02-23,337,0,0,337,수
2022-02-24,656,0,0,656,목
2022-02-25,1254,0,0,1254,금
2022-02-26,1947,0,0,1947,토
2022-02-27,6364,0,0,6364,일
2022-02-28,3653,10,0,3643,월
2022-03-01,4485,0,0,4485,화
2022-03-02,902,0,0,902,수
2022-03-03,927,0,0,927,목
2022-03-04,614,0,0,614,금
2022-03-05,2774,0,0,2774,토
2022-03-06,4926,0,0,4926,일
2022-03-07,755,0,0,755,월
2022-03-08,1096,0,0,1096,화
2022-03-09,12164,0,0,12164,수
2022-03-10,1044,0,0,1044,목
2022-03-11,1440,0,0,1440,금
2022-03-12,10364,0,0,10364,토
2022-03-13,1397,0,0,1397,일
2022-03-14,135,0,0,135,월
2022-03-15,1287,0,0,1287,화
2022-03-16,1520,0,0,1520,수
2022-03-17,2283,1450,0,833,목
2022-03-18,556,0,0,556,금
2022-03-19,504,0,0,504,토
2022-03-20,7728,0,0,7728,일
2022-03-21,1259,0,0,1259,월
2022-03-22,1348,0,0,1348,화
2022-03-23,777,0,0,777,수
2022-03-24,1079,0,0,1079,목
2022-03-25,1185,0,0,1185,금
2022-03-26,3615,0,0,3615,토
2022-03-27,15630,30,0,15600,일
2022-03-28,3633,1490,0,2143,월
2022-03-29,2389,0,0,2389,화
2022-03-30,670,0,0,670,수
2022-03-31,1516,0,0,1516,목
2022-04-01,3094,219,0,2875,금
2022-04-02,19080,0,0,19080,토
2022-04-03,20368,0,0,20368,일
2022-04-04,2616,0,0,2616,월
2022-04-05,2293,0,0,2293,화
2022-04-06,2635,0,32,2603,수
2022-04-07,2425,0,0,2425,목
2022-04-08,5368,331,33,5004,금
2022-04-09,22965,110,0,22855,토
2022-04-10,24296,0,0,24296,일
2022-04-11,6053,0,0,6053,월
2022-04-12,4761,33,0,4728,화
2022-04-13,831,83,0,748,수
2022-04-14,2172,64,0,2108,목
2022-04-15,5086,161,35,4890,금
2022-04-16,22173,57,0,22116,토
2022-04-17,22239,0,0,22239,일
2022-04-18,3122,0,0,3122,월
2022-04-19,5147,2181,0,2966,화
2022-04-20,3229,0,147,3082,수
2022-04-21,3143,0,175,2968,목
2022-04-22,2171,53,45,2073,금
2022-04-23,18329,30,0,18299,토
2022-04-24,17940,30,0,17910,일
2022-04-25,2604,228,37,2339,월
2022-04-26,2563,71,87,2405,화
2022-04-27,3095,117,280,2698,수
2022-04-28,4191,660,309,3222,목
2022-04-29,3185,864,35,2286,금
2022-04-30,20693,5868,0,14825,토
2022-05-01,16307,0,0,16307,일
2022-05-02,3893,489,38,3366,월
2022-05-03,3594,293,35,3266,화
2022-05-04,6421,1217,780,4424,수
2022-05-05,46381,30,0,46351,목
2022-05-06,13667,256,47,13364,금
2022-05-07,10100,0,0,10100,토
2022-05-08,6887,43,0,6844,일
2022-05-09,3350,236,64,3050,월
2022-05-10,3458,758,122,2578,화
2022-05-11,3399,666,30,2703,수
2022-05-12,3523,167,208,3148,목
2022-05-13,6037,1762,481,3794,금
2022-05-14,12924,30,30,12864,토
2022-05-15,13663,0,0,13663,일
2022-05-16,3881,269,60,3552,월
2022-05-17,4384,260,354,3770,화
2022-05-18,3217,565,68,2584,수
2022-05-19,5872,1287,395,4190,목
2022-05-20,11668,1540,659,9469,금
2022-05-21,15593,412,0,15181,토
2022-05-22,15974,34,0,15940,일
2022-05-23,4327,266,31,4030,월
2022-05-24,5103,255,110,4738,화
2022-05-25,5800,534,220,5046,수
2022-05-26,6660,638,488,5534,목
2022-05-27,7146,693,800,5653,금
2022-05-28,36225,20980,0,15245,토
2022-05-29,15590,197,0,15393,일
2022-05-30,3877,0,105,3772,월
2022-05-31,6274,290,166,5818,화
2022-06-01,17053,0,0,17053,수
2022-06-02,4831,396,209,4226,목
2022-06-03,4426,464,148,3814,금
2022-06-04,12333,0,0,12333,토
2022-06-05,16564,0,0,16564,일
2022-06-06,9282,45,0,9237,월
2022-06-07,3572,30,32,3510,화
2022-06-08,3123,202,124,2797,수
2022-06-09,2045,39,95,1911,목
2022-06-10,3588,497,342,2749,금
2022-06-11,8456,0,0,8456,토
2022-06-12,8738,0,0,8738,일
2022-06-13,4221,0,34,4187,월
2022-06-14,2084,51,0,2033,화
2022-06-15,829,0,0,829,수
2022-06-16,2084,73,133,1878,목
2022-06-17,2456,144,215,2097,금
2022-06-18,6082,30,0,6052,토
2022-06-19,7232,0,0,7232,일
2022-06-20,1732,0,0,1732,월
2022-06-21,1506,102,52,1352,화
2022-06-22,1690,0,116,1574,수
2022-06-23,430,44,0,386,목
2022-06-24,1439,87,106,1246,금
2022-06-25,5193,30,0,5163,토
2022-06-26,18829,15800,0,3029,일
2022-06-27,459,0,0,459,월
2022-06-28,404,0,0,404,화
2022-06-29,239,31,0,208,수
2022-06-30,108,0,0,108,목
2022-07-01,1188,1,0,1187,금
2022-07-02,2745,0,0,2745,토
2022-07-03,1965,0,0,1965,일
2022-07-04,516,0,0,516,월
2022-07-05,459,0,0,459,화
2022-07-06,536,39,55,442,수
2022-07-07,280,0,0,280,목
2022-07-08,743,108,0,635,금
2022-07-09,2469,0,0,2469,토
2022-07-10,1722,0,0,1722,일
2022-07-11,472,0,0,472,월
2022-07-12,711,37,0,674,화
2022-07-13,149,0,0,149,수
2022-07-14,753,0,33,720,목
2022-07-15,1243,528,0,715,금
2022-07-16,2437,0,0,2437,토
2022-07-17,3223,0,0,3223,일
2022-07-18,5216,2242,0,2974,월
2022-07-19,755,41,0,714,화
2022-07-20,774,99,0,675,수
2022-07-21,676,0,0,676,목
2022-07-22,756,31,0,725,금
2022-07-23,10918,7840,0,3078,토
2022-07-24,3068,0,0,3068,일
2022-07-25,1208,0,0,1208,월
2022-07-26,833,0,0,833,화
2022-07-27,1005,0,0,1005,수
2022-07-28,1014,0,0,1014,목
2022-07-29,854,0,0,854,금
2022-07-30,1277,0,0,1277,토
2022-07-31,856,0,0,856,일
2022-08-01,1417,0,0,1417,월
2022-08-02,938,0,0,938,화
2022-08-03,1286,0,0,1286,수
2022-08-04,2637,0,0,2637,목
2022-08-05,1023,0,0,1023,금
2022-08-06,1584,0,0,1584,토
2022-08-07,1697,0,0,1697,일
2022-08-08,177,0,0,177,월
2022-08-09,69,0,0,69,화
2022-08-10,875,0,0,875,수
2022-08-11,531,0,0,531,목
2022-08-12,1521,0,0,1521,금
2022-08-13,1703,0,0,1703,토
2022-08-14,5632,0,0,5632,일
2022-08-15,4618,0,0,4618,월
2022-08-16,1531,0,0,1531,화
2022-08-17,1324,0,0,1324,수
2022-08-18,1640,0,0,1640,목
2022-08-19,1116,0,0,1116,금
2022-08-20,5437,0,0,5437,토
2022-08-21,4690,0,0,4690,일
2022-08-22,1408,30,0,1378,월
2022-08-23,1137,0,0,1137,화
2022-08-24,1568,0,0,1568,수
2022-08-25,803,0,0,803,목
2022-08-26,1885,0,0,1885,금
2022-08-27,16188,1944,0,14244,토
2022-08-28,14964,0,0,14964,일
2022-08-29,917,0,0,917,월
2022-08-30,184,0,0,184,화
2022-08-31,1678,200,0,1478,수
2022-09-01,2141,61,0,2080,목
2022-09-02,2584,231,194,2159,금
2022-09-03,13485,72,0,13413,토
2022-09-04,790,0,0,790,일
2022-09-05,55,0,0,55,월
2022-09-06,1340,30,0,1310,화
2022-09-07,2223,307,270,1646,수
2022-09-08,2057,79,68,1910,목
2022-09-09,10663,40,0,10623,금
2022-09-10,13924,0,0,13924,토
2022-09-11,16246,0,0,16246,일
2022-09-12,14399,30,0,14369,월
2022-09-13,2526,51,51,2424,화
2022-09-14,1606,72,51,1483,수
2022-09-15,2073,62,151,1860,목
2022-09-16,2332,620,146,1566,금
2022-09-17,7960,145,0,7815,토
2022-09-18,9012,142,0,8870,일
2022-09-19,1905,55,116,1734,월
2022-09-20,2651,386,0,2265,화
2022-09-21,2964,218,217,2529,수
2022-09-22,4536,1566,50,2920,목
2022-09-23,3468,527,185,2756,금
2022-09-24,16093,1549,0,14544,토
2022-09-25,13925,30,0,13895,일
2022-09-26,2946,330,90,2526,월
2022-09-27,7608,5201,130,2277,화
2022-09-28,4835,2175,114,2546,수
2022-09-29,2630,140,95,2395,목
2022-09-30,4460,1195,308,2957,금
2022-10-01,13785,0,0,13785,토
2022-10-02,12071,0,0,12071,일
2022-10-03,560,0,0,560,월
2022-10-04,1571,67,0,1504,화
2022-10-05,3310,753,227,2330,수
2022-10-06,2908,267,271,2370,목
2022-10-07,4548,1203,343,3002,금
2022-10-08,17148,109,0,17039,토
2022-10-09,1749,0,0,1749,일
2022-10-10,3701,120,104,3477,월
2022-10-11,2339,174,0,2165,화
2022-10-12,3944,1036,87,2821,수
2022-10-13,5192,1558,343,3291,목
2022-10-14,5034,760,427,3847,금
2022-10-15,14951,586,34,14331,토
2022-10-16,13354,449,0,12905,일
2022-10-17,2944,432,110,2402,월
2022-10-18,2905,297,276,2332,화
2022-10-19,3187,350,322,2515,수
2022-10-20,4181,728,233,3220,목
2022-10-21,6339,1466,289,4584,금
2022-10-22,14033,95,0,13938,토
2022-10-23,15734,233,0,15501,일
2022-10-24,3200,358,23,2819,월
2022-10-25,3097,188,106,2803,화
2022-10-26,7256,461,160,6635,수
2022-10-27,4482,700,71,3711,목
2022-10-28,5649,866,229,4554,금
2022-10-29,16415,459,0,15956,토
2022-10-30,28609,12475,0,16134,일
2022-10-31,3917,181,77,3659,월
2022-11-01,3287,337,0,2950,화
2022-11-02,3462,389,0,3073,수
2022-11-03,2676,216,30,2430,목
2022-11-04,3125,821,171,2133,금
2022-11-05,9610,0,0,9610,토
2022-11-06,11245,0,0,11245,일
2022-11-07,1770,0,0,1770,월
2022-11-08,2388,72,65,2251,화
2022-11-09,2375,296,62,2017,수
2022-11-10,2211,138,97,1976,목
2022-11-11,3204,241,33,2930,금
2022-11-12,5797,217,0,5580,토
2022-11-13,5201,0,0,5201,일
2022-11-14,1544,46,0,1498,월
2022-11-15,1053,35,73,945,화
2022-11-16,1225,0,0,1225,수
2022-11-17,1760,108,0,1652,목
2022-11-18,1789,30,0,1759,금
2022-11-19,8285,0,0,8285,토
2022-11-20,9544,0,0,9544,일
2022-11-21,1633,101,0,1532,월
2022-11-22,849,0,0,849,화
2022-11-23,4321,2615,51,1655,수
2022-11-24,1185,36,0,1149,목
2022-11-25,1327,61,0,1266,금
2022-11-26,22632,17707,33,4892,토
2022-11-27,3845,0,0,3845,일
2022-11-28,333,0,0,333,월
2022-11-29,458,0,0,458,화
2022-11-30,219,0,0,219,수
2022-12-01,239,0,0,239,목
2022-12-02,350,0,0,350,금
2022-12-03,1148,0,0,1148,토
2022-12-04,1015,0,0,1015,일
2022-12-05,423,109,0,314,월
2022-12-06,290,0,0,290,화
2022-12-07,413,0,0,413,수
2022-12-08,561,0,0,561,목
2022-12-09,530,0,0,530,금
2022-12-10,1995,0,0,1995,토
2022-12-11,2079,0,0,2079,일
2022-12-12,405,0,0,405,월
2022-12-13,250,0,0,250,화
2022-12-14,142,0,0,142,수
2022-12-15,183,0,0,183,목
2022-12-16,158,0,0,158,금
2022-12-17,423,0,0,423,토
2022-12-18,294,0,0,294,일
2022-12-19,1591,1411,0,180,월
2022-12-20,331,0,0,331,화
2022-12-21,276,0,0,276,수
2022-12-22,281,0,0,281,목
2022-12-23,106,0,0,106,금
2022-12-24,380,0,0,380,토
2022-12-25,11398,10764,0,634,일
2022-12-26,325,0,0,325,월
2022-12-27,345,0,0,345,화
2022-12-28,442,0,0,442,수
2022-12-29,394,0,0,394,목
2022-12-30,2546,2039,0,507,금
2022-12-31,970,0,0,970,토
